column,beta_per_sd,beta_per_unit,beta_other_per_sd,beta_other_per_unit,sd,mean,tier
age,1.0746099714739281,0.09776936519807011,0.9318023531856179,0.08477654868218953,10.991274918241364,56.56453666941344,T0
female,-0.39935237293430553,-0.7989160499433546,-0.30086191567326764,-0.6018830224595111,0.4998677557706103,0.5114989886882912,T0
sbp,-0.6279644319913572,-0.03297911718994267,-0.368304178731671,-0.019342411851925617,19.04127476713845,128.31827602566983,T0
bp_treated,0.253839378813508,0.5572304718822959,0.04270213538576389,0.09374010905089977,0.455537504896406,0.2938796913626489,T0
smoker,0.3778389296420854,0.9318609731458225,0.414764553488365,1.0229303285560916,0.4054670605708038,0.20743126825979474,T0
diabetes,0.10483613753774662,0.31551185727842235,0.11460674131735281,0.34491718847087655,0.33227320976794333,0.1263765076035658,T0
bmi,-1.028820766857585,-0.17388136586284886,-0.8434719124621705,-0.14255548967371642,5.916797132069233,29.009244407820812,T0
sbp_s1,2.453888911187221,0.15478378682429167,1.5884211192407158,0.10019273276262813,15.853656003214603,10.112667559636305,T0
sbp_s2,-1.6752848676311751,-0.38964386824447933,-1.1761489970484007,-0.27355302593391345,4.299528374921145,2.0414086338060415,T0
bmi_s1,3.138270232340136,0.6234550108100747,2.2400367141151527,0.44501015222396656,5.033675530592789,3.2129755291611892,T0
bmi_s2,-1.9958567014017599,-1.5171609070779053,-1.420561553188061,-1.0798472921834068,1.3155207810131597,0.6180674028396521,T0
age,1.0908100497277333,0.09924326866916965,0.9414989704416021,0.08565875910164611,10.991274918241364,56.56453666941344,T1
female,-0.3513235885261465,-0.7028330682873034,-0.26853561724386305,-0.537213321211089,0.4998677557706103,0.5114989886882912,T1
sbp,-0.21487812558317657,-0.011284860294858754,-0.2199434920502386,-0.011550880639032554,19.04127476713845,128.31827602566983,T1
bp_treated,0.25363102577834595,0.5567730934383204,0.033448041920214014,0.07342544040983069,0.455537504896406,0.2938796913626489,T1
smoker,0.3684050884687722,0.9085943700337656,0.40764866569675,1.0053804743667094,0.4054670605708038,0.20743126825979474,T1
diabetes,0.10667190912042547,0.321036743211781,0.10075939609761442,0.3032426122105477,0.33227320976794333,0.1263765076035658,T1
bmi,-0.6364095187150338,-0.10755980043082321,-0.668442946935288,-0.11297378159415092,5.916797132069233,29.009244407820812,T1
total_chol,0.0708165391471287,0.001804305171732302,-0.18918785603892538,-0.004820238763303355,39.24864831991707,207.51457037980373,T1
hdl,-0.4058435444022408,-0.02552186321929083,-0.4870138637716903,-0.03062633714030512,15.901799210940128,53.3534347142108,T1
sbp_s1,0.8286915785168107,0.05227132330541165,0.9961578146234219,0.06283457988626936,15.853656003214603,10.112667559636305,T1
sbp_s2,-0.4289411686886095,-0.09976470237772914,-0.7165506314834652,-0.16665796082729817,4.299528374921145,2.0414086338060415,T1
bmi_s1,1.2242278776933908,0.24320754690146268,1.3812432613529428,0.2744005355447059,5.033675530592789,3.2129755291611892,T1
bmi_s2,-0.4664936395353718,-0.3546075791946804,-0.7287732066858859,-0.5539807635152786,1.3155207810131597,0.6180674028396521,T1
total_chol_s1,-0.22315568262238636,-0.006339009572303436,0.27331495623158336,0.007763844968884056,35.2035566561382,25.588211619812338,T1
total_chol_s2,0.24844450560429499,0.030540895758422285,-0.08932225998810453,-0.010980246170339273,8.134813974334111,4.133793229397001,T1
hdl_s1,-0.009805842125172512,-0.0007442832303333535,0.8233049802857695,0.062490511519004296,13.174879838123747,8.305874451685936,T1
hdl_s2,0.3549120278360722,0.08594629904184638,-0.3505097883968534,-0.08488024278671245,4.12946260389024,2.016657295281594,T1
age,1.133906208949321,0.10316421137528504,0.9976935715554534,0.09077141450621519,10.991274918241364,56.56453666941344,T2
female,-0.37024611119576467,-0.7406881258523722,-0.2736219375412216,-0.5473886530636454,0.4998677557706103,0.5114989886882912,T2
sbp,-0.19932658255635813,-0.01046813225448315,-0.23021402354741077,-0.012090263197331492,19.04127476713845,128.31827602566983,T2
bp_treated,0.2291741329972163,0.5030851039352576,0.02948082775923287,0.06471657644508791,0.455537504896406,0.2938796913626489,T2
smoker,0.3619962113146251,0.8927882102309821,0.41369908816148554,1.0203025803849344,0.4054670605708038,0.20743126825979474,T2
diabetes,0.08229284212332315,0.24766619668433618,0.054858510990455286,0.1651006141264533,0.33227320976794333,0.1263765076035658,T2
bmi,-0.6066487481769873,-0.10252992195539905,-0.6454907583330768,-0.10909462398744346,5.916797132069233,29.009244407820812,T2
total_chol,0.09450438137386445,0.0024078378598813392,-0.19268304833348415,-0.004909291315280925,39.24864831991707,207.51457037980373,T2
hdl,-0.37850981875870887,-0.023802955485584393,-0.47289799340342215,-0.029738647000276393,15.901799210940128,53.3534347142108,T2
hba1c,-0.14566139904492645,-0.14206541478294946,-0.4466099941616907,-0.43558440659506475,1.0253121723360399,5.784680500412016,T2
egfr,-0.5564980247822303,-0.032240448343931104,-0.22553537186106853,-0.013066284483330401,17.26086494969555,89.5044515270113,T2
sbp_s1,0.8207739874207364,0.05177190594108452,0.9939881283888973,0.0626977227326838,15.853656003214603,10.112667559636305,T2
sbp_s2,-0.4408369320606944,-0.10253146243482565,-0.7108675067452296,-0.16533615893586634,4.299528374921145,2.0414086338060415,T2
bmi_s1,1.2205970368637595,0.2424862368353759,1.4072357100277555,0.2795642471341479,5.033675530592789,3.2129755291611892,T2
bmi_s2,-0.48460465185296175,-0.3683747599028723,-0.7515001769003419,-0.5712567887537037,1.3155207810131597,0.6180674028396521,T2
total_chol_s1,-0.23448677239742793,-0.006660883009289407,0.3039322152139919,0.008633565584942037,35.2035566561382,25.588211619812338,T2
total_chol_s2,0.23452486170554931,0.028829775634143708,-0.12343915717708838,-0.015174183154838853,8.134813974334111,4.133793229397001,T2
hdl_s1,0.010956623062615602,0.0008316298286767487,0.8379764882841046,0.06360410862035172,13.174879838123747,8.305874451685936,T2
hdl_s2,0.315869065748151,0.07649156707475216,-0.3793295975587578,-0.09185931292885495,4.12946260389024,2.016657295281594,T2
hba1c_s1,0.13278738993771874,0.20557169145557908,0.3850924235674925,0.5961718271337969,0.6459420020212855,0.23418782701007476,T2
hba1c_s2,0.04016458332559207,0.20951822195771116,0.1666098743392929,0.8691190532013755,0.19169971447017542,0.059064678330293274,T2
egfr_s1,0.8668655117630809,0.05010010059788992,0.2784839510764798,0.01609485413193214,17.302670082853904,18.064383302384435,T2
egfr_s2,-0.15852490527422142,-0.07562867041902407,0.020838747724792796,0.00994169831483145,2.096095361665186,1.3848142020757261,T2
age,1.0398988064072325,0.09461129979392957,0.9571975814333022,0.08708703845126427,10.991274918241364,56.56453666941344,T3
female,-0.3725732146786832,-0.7453435641279037,-0.2790862947114094,-0.5583202586875443,0.4998677557706103,0.5114989886882912,T3
sbp,-0.20052634050881676,-0.010531140533452433,-0.21102748329736082,-0.011082634218458596,19.04127476713845,128.31827602566983,T3
bp_treated,0.2052197646367064,0.4505002605293181,0.017852843252340142,0.039190720984433686,0.455537504896406,0.2938796913626489,T3
smoker,0.3252797115355059,0.8022346157480397,0.3966133339880623,0.9781641286217493,0.4054670605708038,0.20743126825979474,T3
diabetes,0.053238569386942616,0.16022528395871566,0.03758693699987962,0.11312057636584666,0.33227320976794333,0.1263765076035658,T3
bmi,-0.5481624189766511,-0.092645126534015,-0.5969253548465924,-0.10088656777012643,5.916797132069233,29.009244407820812,T3
total_chol,0.097506242901663,0.0024843210422658708,-0.19775337687649147,-0.005038476109154051,39.24864831991707,207.51457037980373,T3
hdl,-0.35700305780391617,-0.022450482053521657,-0.45935629285423923,-0.028887064083805754,15.901799210940128,53.3534347142108,T3
hba1c,-0.182110027579931,-0.17761422568993507,-0.4612452080521143,-0.4498583168102133,1.0253121723360399,5.784680500412016,T3
egfr,-0.4791802220962034,-0.027761078224799812,-0.17288079900823153,-0.010015766852476349,17.26086494969555,89.5044515270113,T3
log_uacr,0.8061459004138443,0.7442251215055872,0.1302684011765901,0.12026237017916541,1.0832016779855398,2.207503000596817,T3
sbp_s1,0.6682758518797827,0.042152791239085684,0.8781542692058043,0.055391278139739084,15.853656003214603,10.112667559636305,T3
sbp_s2,-0.3786470752465777,-0.08806711858333117,-0.6651702158363512,-0.1547077162500528,4.299528374921145,2.0414086338060415,T3
bmi_s1,1.0911911175550217,0.21677819933429798,1.280181019755812,0.254323309473436,5.033675530592789,3.2129755291611892,T3
bmi_s2,-0.4346587220235655,-0.3304081001964935,-0.6822787542435472,-0.5186377623910162,1.3155207810131597,0.6180674028396521,T3
total_chol_s1,-0.20376256816594865,-0.005788124482882896,0.3411191647712748,0.00968990628143808,35.2035566561382,25.588211619812338,T3
total_chol_s2,0.19045708479577228,0.023412592518609186,-0.16009844564457132,-0.01968065233571324,8.134813974334111,4.133793229397001,T3
hdl_s1,-0.038620002454316224,-0.0029313362192923157,0.7927467338197499,0.06017107886827194,13.174879838123747,8.305874451685936,T3
hdl_s2,0.33446080462781164,0.0809937845938419,-0.3500403419905722,-0.08476656058364833,4.12946260389024,2.016657295281594,T3
hba1c_s1,0.07325197926949281,0.11340333813294737,0.310392201393831,0.48052642562730075,0.6459420020212855,0.23418782701007476,T3
hba1c_s2,0.06044302891954779,0.315300568321668,0.21062299682558122,1.0987131483617827,0.19169971447017542,0.059064678330293274,T3
egfr_s1,0.7002729714676114,0.04047195999891066,0.181058530246249,0.010464195952373218,17.302670082853904,18.064383302384435,T3
egfr_s2,-0.12434582177287967,-0.059322597648466015,0.04766425731061053,0.022739546197337587,2.096095361665186,1.3848142020757261,T3
log_uacr_s1,-0.24801552377339248,-0.31097119062673756,0.6354060655382484,0.7966960201750002,0.7975514492951487,0.40468910777326056,T3
log_uacr_s2,-0.15604849369805648,-0.5760127842260647,-0.5572342305185971,-2.056886503551578,0.27091151094454347,0.11157534691997341,T3
