comparison,metric,estimate,lo,hi,se
T3 vs T0,dAUC,0.014977112796659031,0.006475568961080579,0.02408392191195028,0.0048389215308190575
T3 vs T0,dcal_slope,0.010349137891126903,-0.04325096598902061,0.05409877772410605,0.026064363454377522
T3 vs T0,dOE,-0.010201160808580911,-0.0258042508544536,0.003863692689838701,0.007547862798227437
T3 vs T0,dNB_1,0.0003969486319206402,-2.719130935706151e-05,0.0007808446816146114,0.00022601123881144827
T3 vs T0,dNB_5,0.0009916298657211145,0.00018707681287461416,0.001608149225983918,0.0003767921830586162
T3 vs T0,dNB_7.5,0.0018565474870402558,0.001080225780728546,0.0026759067513679223,0.00041501889662344077
T3 vs T0,dNB_10,0.0010227194833677135,0.0002875907854321419,0.0018351745279207533,0.00040935744180929147
T3 vs T0,dNB_20,-0.00018891805533621732,-0.0009271009664971671,0.0004163330722898401,0.0003717468961453144
T3 vs T0,pct_reclassified_1/5/10,0.14765170881077488,0.13941113620732704,0.15537224694546917,0.004303398240103153
T3 vs T0,pct_reclassified_7.5/20,0.042580751632720744,0.039495521102611446,0.0454862316420363,0.0017130216223916598
T3 vs T1,dAUC,0.016214718596884503,0.00864680376398648,0.024467522674597075,0.004625249232133405
T3 vs T1,dcal_slope,-0.0158672811084426,-0.06945255142078924,0.031442467244179345,0.02720151453426355
T3 vs T1,dOE,-0.010961375186548605,-0.026014580620513598,0.004167187790926752,0.007547695107219302
T3 vs T1,dNB_1,0.0005613307108999696,0.00014052944867073676,0.0009457084545460317,0.0002222965440193405
T3 vs T1,dNB_5,0.0009907098249184892,3.986221710075768e-05,0.0017646648275809603,0.00044099241734387405
T3 vs T1,dNB_7.5,0.002088246912146344,0.0011838613100663266,0.0030597538643161734,0.000496009131800298
T3 vs T1,dNB_10,0.0009183157998327229,0.0003039538742769021,0.0016621262144633868,0.0003980992357738033
T3 vs T1,dNB_20,-0.00010018483831622979,-0.0007899114555293377,0.0005565436208453592,0.00036058735238438995
T3 vs T1,pct_reclassified_1/5/10,0.14880265598259723,0.1406039897595377,0.15750599422236936,0.004335609381157678
T3 vs T1,pct_reclassified_7.5/20,0.040709583716786756,0.03755857285359403,0.04372323514607332,0.0016565667080561243
T3 vs T2,dAUC,0.018971345292063013,0.009767298580027759,0.02678835369335584,0.004385333379866944
T3 vs T2,dcal_slope,-0.008640024550639835,-0.06301647452720786,0.036629921577791505,0.025756397654516972
T3 vs T2,dOE,-0.008920764094462186,-0.024297673818769665,0.005861249487176521,0.0076672827834912164
T3 vs T2,dNB_1,0.0004864163626336418,6.592934796133585e-05,0.0009079192213388511,0.0002415785937029929
T3 vs T2,dNB_5,0.0010081335626286308,0.00018351732573367645,0.0016939862192107147,0.000406277196585968
T3 vs T2,dNB_7.5,0.0018293223923733695,0.0009158937309474497,0.002747695625807097,0.0004930766810507356
T3 vs T2,dNB_10,0.0009245283808995187,0.0001806196898110484,0.0018350855091257938,0.00046242077617752986
T3 vs T2,dNB_20,-0.00018335393622986385,-0.0007976651482603232,0.0004511071181201916,0.00032644451810426355
T3 vs T2,pct_reclassified_1/5/10,0.14840799497034143,0.1412170850531527,0.15684830795969976,0.004281600172067189
T3 vs T2,pct_reclassified_7.5/20,0.03923108522144507,0.03585836434014493,0.043039034230695807,0.0019114372632575102
T1 vs T0,dAUC,-0.001237605800225472,-0.003093447559335743,0.0004567635291003931,0.0008961190278825592
T1 vs T0,dcal_slope,0.026216418999569502,0.015454837109261195,0.0377028079683277,0.005454484893645453
T1 vs T0,dOE,0.000760214377967694,-0.0010989394693661251,0.002771513571214654,0.0009492633970719602
T1 vs T0,dNB_1,-0.0001643820789793294,-0.00019598218518930503,-0.00013063266175352767,1.8248365787433582e-05
T1 vs T0,dNB_5,9.200408026253416e-07,-0.0003046774956013292,0.00030316030364680726,0.00015628360135873574
T1 vs T0,dNB_7.5,-0.00023169942510608784,-0.0009231968233469051,0.00033887193039095425,0.00033467353544030533
T1 vs T0,dNB_10,0.00010440368353499064,-0.00024750661686590296,0.00042206180743334295,0.000176080385620374
T1 vs T0,dNB_20,-8.873321701998752e-05,-0.0002678520858598549,0.00010379692874075807,0.00010028697856673235
T1 vs T0,pct_reclassified_1/5/10,0.03529890874751243,0.03269455647619313,0.0385198877922846,0.0015365658462703521
T1 vs T0,pct_reclassified_7.5/20,0.007033828518394317,0.005874710085720165,0.0083144243200175,0.0006231668289579232
T2 vs T1,dAUC,-0.00275662669517851,-0.006805099843764242,0.0016492285065795337,0.0023569983165288703
T2 vs T1,dcal_slope,-0.007227256557802764,-0.028604010750614833,0.012006804813307894,0.010045979877629197
T2 vs T1,dOE,-0.0020406110920864196,-0.005798521993326083,0.0019303671410054405,0.001933267303427442
T2 vs T1,dNB_1,7.491434826632781e-05,-0.00010568742839518465,0.0002610204178276973,0.00011208444660944442
T2 vs T1,dNB_5,-1.742373771014159e-05,-0.0004095017433503967,0.00036266152404894927,0.00020334442551987657
T2 vs T1,dNB_7.5,0.00025892451977297423,-0.0004770622680448533,0.0009297601135281986,0.00034656849905550613
T2 vs T1,dNB_10,-6.212581066795822e-06,-0.00040194043825180246,0.00037860626605692733,0.0002121991293868557
T2 vs T1,dNB_20,8.316909791363406e-05,-0.000150412582459312,0.0003286738876387088,0.00013111147560400938
T2 vs T1,pct_reclassified_1/5/10,0.060130406296597314,0.054996834519264064,0.06429357620075542,0.00241254233969442
T2 vs T1,pct_reclassified_7.5/20,0.014662682201306116,0.012969947768768184,0.01650964631623127,0.0009437033655008783
