cause,feature,cv_loglik_linear,cv_loglik_spline,delta,extra_df,lambda_linear,lambda_spline
cvd,age,-2418.596896619346,-2415.637077270245,2.9598193491010534,2,10.0,10.0
cvd,sbp,-2418.596896619346,-2419.536366880113,-0.9394702607669387,2,10.0,10.0
cvd,bmi,-2418.596896619346,-2412.266139860885,6.330756758461121,2,10.0,1.0
cvd,total_chol,-2418.596896619346,-2418.986234587348,-0.38933796800210985,2,10.0,10.0
cvd,hdl,-2418.596896619346,-2416.290438855115,2.3064577642307995,2,10.0,10.0
cvd,hba1c,-2418.596896619346,-2419.563863583051,-0.9669669637050902,2,10.0,10.0
cvd,egfr,-2418.596896619346,-2411.7218774566345,6.875019162711396,2,10.0,1.0
cvd,log_uacr,-2418.596896619346,-2415.8774768448,2.719419774545713,2,10.0,1.0
non-cvd,age,-8404.457478200311,-8406.14776665227,-1.6902884519586223,2,10.0,10.0
non-cvd,sbp,-8404.457478200311,-8404.311920021228,0.14555817908330937,2,10.0,1.0
non-cvd,bmi,-8404.457478200311,-8389.742871798737,14.714606401574201,2,10.0,0.0
non-cvd,total_chol,-8404.457478200311,-8405.616378387107,-1.1589001867960178,2,10.0,10.0
non-cvd,hdl,-8404.457478200311,-8391.166690668535,13.290787531776004,2,10.0,0.0
non-cvd,hba1c,-8404.457478200311,-8393.569493586174,10.887984614137167,2,10.0,1.0
non-cvd,egfr,-8404.457478200311,-8400.968783598597,3.488694601714087,2,10.0,10.0
non-cvd,log_uacr,-8404.457478200311,-8405.062811548301,-0.6053333479903813,2,10.0,1.0
