tier,metric,estimate,lo,hi,se
T0,observed,0.018698189466642246,0.01621431570500031,0.021319825345682313,0.0014173837510086315
T0,expected,0.019094027343594465,0.018538907810267697,0.019779639790216637,0.0003194962516249027
T0,OE,0.979269021153622,0.8583110553148572,1.1100081741665773,0.07001034255937792
T0,cal_intercept,-0.026024465584580315,-0.16003900387025602,0.10702817001249877,0.07493675174240583
T0,cal_slope,0.9544834727759023,0.8448122026075067,1.1064592746905764,0.06652231304517267
T0,AUC,0.8131758742175522,0.7865803735368057,0.8455292256423378,0.01591476028988741
T0,brier,0.017653802101978085,0.015315926559078123,0.020010580908620092,0.0012805737587841307
T0,NB_1,0.012297794721755942,0.009865673891860554,0.014766172036923458,0.0013063690352803313
T0,NB_all_1,0.0087860499663053,0.006277086570707385,0.011434167015840718,0.001431700758594577
T0,pct_flagged_1,0.42986847381066096,0.41881637076284534,0.4470242661168459,0.006934540408815968
T0,NB_5,0.003955800028488373,0.002250128631020056,0.006135805573494289,0.0009651074311216438
T0,NB_all_5,-0.03294927424563975,-0.035563878205262835,-0.03018965753086073,0.0014919828957985588
T0,pct_flagged_5,0.09823707396548398,0.09357511326695017,0.10386993390535365,0.002698857092260429
T0,NB_7.5,0.001650861847141383,0.0004899976336990589,0.0029371480651606417,0.0006487506713303709
T0,NB_all_7.5,-0.060866822198224604,-0.06355209112972939,-0.058032621247911004,0.001532306757847168
T0,pct_flagged_7.5,0.050495004647356685,0.04759868734638998,0.054546536320238585,0.0017945206203933315
T0,NB_10,0.0011712130049556877,0.00019332252293030494,0.002301159230970462,0.0005447990688471489
T0,NB_all_10,-0.09033534503706418,-0.0930952047722219,-0.08742241628257522,0.0015748708344540327
T0,pct_flagged_10,0.028429610817914692,0.025812599680601452,0.03153649004211361,0.0015846421475296914
T0,NB_20,-9.607397819848081e-05,-0.0005521964358021456,0.00040663365701404765,0.000250922104167269
T0,NB_all_20,-0.22662726316669723,-0.22973210536874963,-0.22335021831789711,0.0017717296887607883
T0,pct_flagged_20,0.003748753303130008,0.0027326219898869283,0.0047148968139693855,0.0004820950341836705
T1,observed,0.018698189466642246,0.01621431570500031,0.021319825345682313,0.0014173837510086315
T1,expected,0.019143719230304283,0.018581419758318483,0.019852825064940086,0.00031989007759961497
T1,OE,0.9767271052034252,0.856536326260338,1.106423746982613,0.06947077357571532
T1,cal_intercept,-0.03245200764428129,-0.16405908617653128,0.1005813055873854,0.07434090783888984
T1,cal_slope,0.9349830343914457,0.817928887594715,1.0852543116821753,0.06774167540161746
T1,AUC,0.8098042261954738,0.7815047055758485,0.8440876301076304,0.01605903092775216
T1,brier,0.01771507763041135,0.015309983220355133,0.02008946491717042,0.0012898357611611853
T1,NB_1,0.01229153953638049,0.009938510389325191,0.01464609290683671,0.0013345710588478202
T1,NB_all_1,0.0087860499663053,0.006277086570707385,0.011434167015840718,0.001431700758594577
T1,pct_flagged_1,0.4342427402595564,0.4225938903573949,0.4495309437138144,0.006617085363471034
T1,NB_5,0.0034649672023324856,0.001894357994676436,0.005125383431247149,0.0008305156419763747
T1,NB_all_5,-0.03294927424563975,-0.035563878205262835,-0.03018965753086073,0.0014919828957985588
T1,pct_flagged_5,0.10078610336805457,0.09501053514505031,0.10665747332836731,0.002991773998777412
T1,NB_7.5,0.0017958310826726282,0.00046744305980487406,0.003184679774950931,0.0007377410183512717
T1,NB_all_7.5,-0.060866822198224604,-0.06355209112972939,-0.058032621247911004,0.001532306757847168
T1,pct_flagged_7.5,0.04861850131508642,0.0454532633115399,0.05301476615400441,0.001958087985636395
T1,NB_10,0.000909092723554214,-0.00021313193506078512,0.0018584495431024255,0.0005512685853352765
T1,NB_all_10,-0.09033534503706418,-0.0930952047722219,-0.08742241628257522,0.0015748708344540327
T1,pct_flagged_10,0.02676343132887222,0.024231252514705606,0.029552392473871158,0.0013996104457760024
T1,NB_20,-0.00036371865428232126,-0.0008359461214281819,8.198649813231614e-05,0.00025242560757148257
T1,NB_all_20,-0.22662726316669723,-0.22973210536874963,-0.22335021831789711,0.0017717296887607883
T1,pct_flagged_20,0.004085199643045487,0.0029639351800570305,0.005196710698621316,0.0005810251697125114
T2,observed,0.018698189466642246,0.01621431570500031,0.021319825345682313,0.0014173837510086315
T2,expected,0.019042311895545762,0.0184599953516334,0.019676419145642353,0.00031671429381682884
T2,OE,0.9819285373125303,0.8605887508974865,1.1163678406021533,0.06961151860206308
T2,cal_intercept,-0.02600777929098372,-0.1635770027173778,0.1061044557478314,0.0743747637491883
T2,cal_slope,0.9472181497053508,0.8338495947775345,1.0927613113677408,0.0644532795927048
T2,AUC,0.8151595027542866,0.7851314102034135,0.8512227645241698,0.016833699007595817
T2,brier,0.017660532631852854,0.015221014773669042,0.020030583367456844,0.0012877653703697442
T2,NB_1,0.011938515650523902,0.00968609993191122,0.014386096178893262,0.0012860316638409653
T2,NB_all_1,0.0087860499663053,0.006277086570707385,0.011434167015840718,0.001431700758594577
T2,pct_flagged_1,0.4301900252436787,0.4184935297978695,0.444891201700589,0.006607050047855412
T2,NB_5,0.003711894537374362,0.0021918103697647646,0.005545463749445983,0.000882966578979754
T2,NB_all_5,-0.03294927424563975,-0.035563878205262835,-0.03018965753086073,0.0014919828957985588
T2,pct_flagged_5,0.0923837359743218,0.08820785611172509,0.09743886540765555,0.0026174472618724896
T2,NB_7.5,0.0020105647212577604,0.0007279771620982614,0.00340380548852569,0.0006710324688336547
T2,NB_all_7.5,-0.060866822198224604,-0.06355209112972939,-0.058032621247911004,0.001532306757847168
T2,pct_flagged_7.5,0.04818777185208262,0.04504749014693885,0.052264131048156866,0.0018384465446400918
T2,NB_10,0.001503116961357341,0.0003333305053186864,0.0026950480934844804,0.0006062286022721751
T2,NB_all_10,-0.09033534503706418,-0.0930952047722219,-0.08742241628257522,0.0015748708344540327
T2,pct_flagged_10,0.029094636318721147,0.026673361229484424,0.03176935156952797,0.001410066974961361
T2,NB_20,-0.00023237978123156897,-0.0007577326613571976,0.0003274420829044537,0.00029963046295097525
T2,NB_all_20,-0.22662726316669723,-0.22973210536874963,-0.22335021831789711,0.0017717296887607883
T2,pct_flagged_20,0.005183170106823862,0.004107060687299092,0.006373540744104508,0.0006165053441336533
T3,observed,0.018698189466642246,0.01621431570500031,0.021319825345682313,0.0014173837510086315
T3,expected,0.01902143927691484,0.018398001162256157,0.01971223339608335,0.0003373519972977173
T3,OE,0.9830060278001728,0.8561171683444585,1.1118449488440725,0.06992205653782893
T3,cal_intercept,-0.019020229207174964,-0.1654013092144141,0.11256182622699895,0.07403965055274692
T3,cal_slope,0.9734262349613997,0.866628735999986,1.103539869905338,0.06096743560504954
T3,AUC,0.8293678014359281,0.8001527904972631,0.8630784498140925,0.015610089382731987
T3,brier,0.017545750689338925,0.015113006055301506,0.019971294551031166,0.0012782446582120563
T3,NB_1,0.01243989301339029,0.010060228191188781,0.014879751567666733,0.001286757464252332
T3,NB_all_1,0.0087860499663053,0.006277086570707385,0.011434167015840718,0.001431700758594577
T3,pct_flagged_1,0.4159034394741259,0.4025430941390009,0.43279528201612527,0.00773707791617638
T3,NB_5,0.004595964614991629,0.00271796387711467,0.006671305862288272,0.0010083206869461014
T3,NB_all_5,-0.03294927424563975,-0.035563878205262835,-0.03018965753086073,0.0014919828957985588
T3,pct_flagged_5,0.09182972044203735,0.08691463822896439,0.0975200192950511,0.002729166137967087
T3,NB_7.5,0.0030522706631501456,0.0015980819242577408,0.004882460212189045,0.0008494442724886214
T3,NB_all_7.5,-0.060866822198224604,-0.06355209112972939,-0.058032621247911004,0.001532306757847168
T3,pct_flagged_7.5,0.04913797401855227,0.045585159326584676,0.052787401759082336,0.0018721928854868878
T3,NB_10,0.0013018625365089336,9.174600889196508e-05,0.0024722268701007737,0.0005936106052618604
T3,NB_all_10,-0.09033534503706418,-0.0930952047722219,-0.08742241628257522,0.0015748708344540327
T3,pct_flagged_10,0.02954734113379712,0.02671660332938409,0.03217602854963204,0.0013743958734379576
T3,NB_20,-0.00021273649633992935,-0.0007447129522467038,0.000292960471504238,0.00026973244398236537
T3,NB_all_20,-0.22662726316669723,-0.22973210536874963,-0.22335021831789711,0.0017717296887607883
T3,pct_flagged_20,0.00633064164246869,0.005271233223202612,0.0075343370491950815,0.0005891367705993423
