tier,attribute,level,n,cvd_deaths,OE,OE_lo,OE_hi,AUC,AUC_lo,AUC_hi
T0,Overall,All,13349,355,0.9792690211536217,0.8496042174740849,1.1256007658109792,0.8131758742175486,0.7815976245071136,0.8423506366623416
T0,sex,Female,6828,142,0.9827028456079371,0.7984580120306366,1.1526160593736494,0.8142647897033835,0.7759677758074534,0.8598873951468067
T0,sex,Male,6521,213,0.976221051313691,0.7906574091520717,1.1814007748829978,0.8056860393936103,0.7661022276773517,0.8469783587916382
T0,race,Mexican American,2780,61,1.1181931708268078,0.7155225440116225,1.474121617451623,0.7547853425340897,0.6905194864818106,0.8318278921797956
T0,race,NH Black,2544,82,1.1360802489483894,0.8716768445029474,1.427779196235591,0.759958055285116,0.6896737606447672,0.8285129174977478
T0,race,NH White,6633,188,0.9444680594927859,0.792782262132129,1.1126544931023814,0.8444289261137217,0.8181589409867747,0.867949001020595
T0,race,Other Hispanic,919,17,1.055836609419097,0.36954850618003754,1.9836113684209598,0.6604889861318709,0.5169694539412529,0.9269348624282433
T0,race,Other/Multiracial,473,7,0.9719709830872196,0.1624324809370825,1.8046688967058,0.5640301612700316,0.2808001639495179,0.937873308718859
T0,age_group,40-59,7775,77,0.991160121653001,0.7311633736003971,1.2285971050975417,0.7599273910236485,0.6933561562640369,0.8263081271055227
T0,age_group,60-79,5574,278,0.9707859295840412,0.8176619542885873,1.1323505223012669,0.7060109340243885,0.6594429427475043,0.7431120571608638
T1,Overall,All,13349,355,0.9767271052034251,0.8453927782255463,1.122216106764588,0.8098042261954691,0.779693381939217,0.8372687094344176
T1,sex,Female,6828,142,0.9736147682641846,0.7903035385801861,1.1436543531452914,0.8146406451142556,0.7785121543124182,0.8599630475705805
T1,sex,Male,6521,213,0.9784622955832724,0.7917407422851305,1.1809520037170271,0.798046084990337,0.7592829545304666,0.8393751339482748
T1,race,Mexican American,2780,61,1.0879039598639502,0.6930318869341454,1.4539675441567619,0.7593222509461351,0.6980961958766617,0.8339367766492513
T1,race,NH Black,2544,82,1.1831665497883725,0.9148877181121764,1.486772222954819,0.7514694098380862,0.6798364603993128,0.8201548832058926
T1,race,NH White,6633,188,0.9406207222361421,0.7871403254881919,1.1074847927123856,0.8413939870417393,0.8144678670286997,0.8653055175702115
T1,race,Other Hispanic,919,17,1.0103129913892488,0.3504709091747002,1.88957147261813,0.6597093090070094,0.546376109635759,0.9135574408749154
T1,race,Other/Multiracial,473,7,0.9474698959707113,0.1581462275464392,1.7777739458756332,0.5463853077925823,0.2889365801889406,0.9308286013790443
T1,age_group,40-59,7775,77,0.9647884214985404,0.7141470640035591,1.1931851299389782,0.7561474828870018,0.7027541654333161,0.8219382246554111
T1,age_group,60-79,5574,278,0.978333341244449,0.8230553112126779,1.145043633107383,0.7019458637049371,0.6564156650937596,0.73901514241607
T2,Overall,All,13349,355,0.9819285373125297,0.851743618382001,1.1280635296911312,0.8151595027542816,0.7832097898302274,0.8419790556932982
T2,sex,Female,6828,142,0.9808623306119995,0.7956782922809176,1.1515049943805176,0.8192986500795778,0.7812949310649216,0.8625302995763009
T2,sex,Male,6521,213,0.9821542272046769,0.797115399869027,1.1840441233610555,0.8040573626104652,0.7673155956032415,0.8445368756855594
T2,race,Mexican American,2780,61,1.0381113741952719,0.6568648541177863,1.3997665509471384,0.7484935400295145,0.6816471193716686,0.8277724951646046
T2,race,NH Black,2544,82,1.1397869024705352,0.8733284589312323,1.433267868632375,0.7662492964934181,0.7031059643115718,0.8321911006172772
T2,race,NH White,6633,188,0.955826485677613,0.7984916871675051,1.1286187394463516,0.8442445841302181,0.8128136359309016,0.87018484178767
T2,race,Other Hispanic,919,17,1.010531345418011,0.3505638919408584,1.9182524913588237,0.666462929705199,0.5466561100110106,0.9149834277114652
T2,race,Other/Multiracial,473,7,0.9248857971125819,0.1571649935623054,1.7177719666336404,0.5784773210565904,0.2872841053513285,0.8943709711710656
T2,age_group,40-59,7775,77,0.9513068015444213,0.7059043249620528,1.172995836172487,0.7633865057266377,0.7107651326194028,0.8237253816041766
T2,age_group,60-79,5574,278,0.9919283371924565,0.8362464777732902,1.154047358077987,0.7161107349353368,0.666924555575759,0.7550110018620108
T3,Overall,All,13349,355,0.9830060278001723,0.8507156538225343,1.1241532860566714,0.8293678014359248,0.8007617625010464,0.8535116780920682
T3,sex,Female,6828,142,0.972666271110802,0.788207021899639,1.1297169704115655,0.8308517636029618,0.7931288522468174,0.8721199442169022
T3,sex,Male,6521,213,0.9901473596310146,0.8030967548863709,1.1857205512823612,0.8217543279604874,0.787861857961097,0.8561454210957439
T3,race,Mexican American,2780,61,0.9949315634667222,0.6441334451154036,1.3543519862985554,0.7602749727249525,0.6923767730793409,0.8355879849768035
T3,race,NH Black,2544,82,1.136926403771554,0.8855890735158184,1.4284152536571713,0.7936467981191411,0.7405308087764911,0.8439844646024318
T3,race,NH White,6633,188,0.9629019156020051,0.8017025451261821,1.1381941312325403,0.8552492534182251,0.8265325157233835,0.8823102591853156
T3,race,Other Hispanic,919,17,0.968404615965145,0.3358731245576662,1.8691014748381158,0.7064692908223639,0.6119396817967238,0.8987429081180781
T3,race,Other/Multiracial,473,7,0.9103988265374086,0.15385071854358806,1.6913808524218614,0.5869314612170518,0.28769833001573486,0.9278119626842944
T3,age_group,40-59,7775,77,0.9399451414434926,0.6975507853483425,1.171715311567325,0.7994348396715891,0.7465641854721259,0.8623945947060176
T3,age_group,60-79,5574,278,0.9988714986438687,0.8397333163483729,1.153134272346235,0.7293154016288504,0.6838868386712734,0.7666330745290907
